absolute martian manhunter,https://marmota.me/comic/absolute-martian-manhunter-2025/absolute-martian-manhunter-1/
absolute martian manhunter,https://marmota.me/comic/absolute-martian-manhunter-2025/absolute-martian-manhunter-2/
absolute superman,https://marmota.me/comic/absolute-superman-2024/absolute-superman-1/
absolute superman,https://marmota.me/comic/absolute-superman-2024/absolute-superman-2/
absolute superman,https://marmota.me/comic/absolute-superman-2024/absolute-superman-3/
absolute superman,https://marmota.me/comic/absolute-superman-2024/absolute-superman-4/
absolute superman,https://marmota.me/comic/absolute-superman-2024/absolute-superman-5/
absolute superman,https://marmota.me/comic/absolute-superman-2024/absolute-superman-6/
absolute superman,https://marmota.me/comic/absolute-superman-2024/absolute-superman-7/
absolute superman,https://marmota.me/comic/absolute-superman-2024/absolute-superman-8/
absolute superman,https://marmota.me/comic/absolute-superman-2024/absolute-superman-9/
absolute superman,https://marmota.me/comic/absolute-superman-2024/absolute-superman-10/
absolute superman,https://marmota.me/comic/absolute-superman-2024/absolute-superman-11/
absolute superman,https://marmota.me/comic/absolute-superman-2024/absolute-superman-12/
